{
	"variants": {
		"candles=1,waterlogged=false": [
		{
				"model": "minecraft:block/candle"
			},
			{
				"model": "minecraft:block/candle",
				"y": 90
			},
			{
				"model": "minecraft:block/candle",
				"y": 180
			},
			{
				"model": "minecraft:block/candle",
				"y": 270
			}
		],
		"candles=1,waterlogged=true": [
			{
				"model": "minecraft:block/wet_candle"
			},
			{
				"model": "minecraft:block/wet_candle",
				"y": 90
			},
			{
				"model": "minecraft:block/wet_candle",
				"y": 180
			},
			{
				"model": "minecraft:block/wet_candle",
				"y": 270
			}
		],
		"candles=2,waterlogged=false": [
			{
				"model": "minecraft:block/two_candles"
			},
			{
				"model": "minecraft:block/two_candles",
				"y": 90
			},
			{
				"model": "minecraft:block/two_candles",
				"y": 180
			},
			{
				"model": "minecraft:block/two_candles",
				"y": 270
			}
		],
		"candles=2,waterlogged=true": [
			{
				"model": "minecraft:block/two_wet_candles"
			},
			{
				"model": "minecraft:block/two_wet_candles",
				"y": 90
			},
			{
				"model": "minecraft:block/two_wet_candles",
				"y": 180
			},
			{
				"model": "minecraft:block/two_wet_candles",
				"y": 270
			}
		],
		"candles=3,waterlogged=false": [
			{
				"model": "minecraft:block/three_candles"
			},
			{
				"model": "minecraft:block/three_candles",
				"y": 90
			},
			{
				"model": "minecraft:block/three_candles",
				"y": 180
			},
			{
				"model": "minecraft:block/three_candles",
				"y": 270
			}
		],
		"candles=3,waterlogged=true": [
			{
				"model": "minecraft:block/three_wet_candles"
			},
			{
				"model": "minecraft:block/three_wet_candles",
				"y": 90
			},
			{
				"model": "minecraft:block/three_wet_candles",
				"y": 180
			},
			{
				"model": "minecraft:block/three_wet_candles",
				"y": 270
			}
		],
		"candles=4,waterlogged=false": [
			{
				"model": "minecraft:block/four_candles"
			},
			{
				"model": "minecraft:block/four_candles",
				"y": 90
			},
			{
				"model": "minecraft:block/four_candles",
				"y": 180
			},
			{
				"model": "minecraft:block/four_candles",
				"y": 270
			}
		],
		"candles=4,waterlogged=true": [
			{
				"model": "minecraft:block/four_wet_candles"
			},
			{
				"model": "minecraft:block/four_wet_candles",
				"y": 90
			},
			{
				"model": "minecraft:block/four_wet_candles",
				"y": 180
			},
			{
				"model": "minecraft:block/four_wet_candles",
				"y": 270
			}
		]
	}
}